DayOfWeek,TotalSteps,Calories,TotalSleepHours
Friday,7448.230158730159,2331.785714285714,3.0567460317460315
Monday,7819.082644628099,2338.099173553719,2.711432506887052
Saturday,8202.712,2365.592,3.2542666666666666
Sunday,6933.231404958678,2263.0,3.4298898071625343
Thursday,7420.6824324324325,2204.2972972972975,2.94527027027027
Tuesday,8125.006578947368,2356.0131578947367,2.883223684210526
Wednesday,7559.373333333333,2302.62,3.1876666666666664
