TotalSteps,Calories,TotalActiveMinutes,TotalSleepHours
1.0,0.5929492519076744,0.7727931988742267,0.1089520052265128
0.5929492519076744,1.0,0.4737891083768709,0.09627676985809716
0.7727931988742267,0.4737891083768709,1.0,0.2070544572710632
0.1089520052265128,0.09627676985809716,0.2070544572710632,1.0
